STYLE,Last 30 days sales, last 10 days sales 
OR10,"₹ 24,65,191"," ₹ 8,59,630.00 "
OR11,"₹ 19,88,240"," ₹ 6,92,594.00 "
OR13,"₹ 1,89,994"," ₹ 74,245.00 "
OR15,"₹ 9,16,887"," ₹ 3,10,464.00 "
OR16,"₹ 3,94,512"," ₹ 2,13,460.00 "
OR17,"₹ 9,83,944"," ₹ 4,25,293.00 "
OR19,"₹ 13,05,052"," ₹ 4,99,762.00 "
OR206,"₹ 9,05,322"," ₹ 3,07,935.00 "
OR209,"₹ 91,726"," ₹ 25,174.00 "
OR21,"₹ 37,470"," ₹ 14,604.00 "
OR210,"₹ 5,50,072"," ₹ 2,03,004.00 "
OR211,"₹ 2,63,425"," ₹ 1,13,676.00 "
OR219,"₹ 41,461"," ₹ 11,733.00 "
OR226,"₹ 14,25,001"," ₹ 4,78,636.00 "
OR229,"₹ 35,88,227"," ₹ 12,62,685.00 "
OR23,"₹ 1,31,996"," ₹ 34,472.00 "
OR24,"₹ 1,31,178"," ₹ 41,258.00 "
OR25,"₹ 11,12,109"," ₹ 4,07,737.00 "
OR257,"₹ 3,00,689"," ₹ 1,63,408.00 "
OR259,"₹ 93,515"," ₹ 58,094.00 "
OR26,"₹ 6,02,185"," ₹ 2,15,646.00 "
OR27,"₹ 78,416"," ₹ 26,436.00 "
OR29,"₹ 4,31,198"," ₹ 1,82,985.00 "
OR30,"₹ 5,55,405"," ₹ 1,80,328.00 "
OR37,"₹ 3,62,934"," ₹ 1,15,894.00 "
OR38,"₹ 9,19,475"," ₹ 2,88,354.00 "
OR39,"₹ 33,54,620"," ₹ 8,79,974.00 "
OR40,"₹ 10,96,229"," ₹ 4,06,207.00 "
OR41,"₹ 5,95,205"," ₹ 1,74,991.00 "
OR45,"₹ 14,498"," ₹ 5,272.00 "
OR46,"₹ 12,30,862"," ₹ 4,84,358.00 "
OR47,"₹ 56,299"," ₹ 17,239.00 "
OR53,"₹ 4,11,719"," ₹ 1,67,098.00 "
OR54,"₹ 49,742"," ₹ 19,605.00 "
OR55,"₹ 7,26,386"," ₹ 2,35,912.00 "
OR56,"₹ 47,682"," ₹ 11,446.00 "
OR59,"₹ 6,38,913"," ₹ 2,33,409.00 "
OR60,"₹ 8,95,137"," ₹ 3,84,492.00 "
OR63,"₹ 2,44,859"," ₹ 88,009.00 "
OR64,"₹ 82,055"," ₹ 39,285.00 "
OR66,₹ 429,#N/A
OR67,"₹ 6,149"," ₹ 2,236.00 "
OR69,"₹ 14,408"," ₹ 7,216.00 "
OR71,"₹ 10,99,578"," ₹ 3,63,222.00 "
OR74,"₹ 7,630"," ₹ 3,270.00 "
OR76,"₹ 13,91,763"," ₹ 5,28,867.00 "
OR81,"₹ 19,42,290"," ₹ 6,27,965.00 "
OR83,"₹ 8,14,316"," ₹ 5,72,170.00 "
OR84,"₹ 1,88,427"," ₹ 53,761.00 "
OR85,"₹ 7,29,803"," ₹ 2,35,703.00 "
OR86,"₹ 15,92,816"," ₹ 5,74,912.00 "
OR89,"₹ 25,97,379"," ₹ 9,29,456.00 "
OR95,"₹ 1,05,392"," ₹ 44,775.00 "
OR99,"₹ 23,14,457"," ₹ 9,73,572.00 "
P590,"₹ 9,03,943"," ₹ 3,12,808.00 "
P608,"₹ 2,72,706"," ₹ 1,73,013.00 "
P642,"₹ 83,675"," ₹ 24,536.00 "
P644,"₹ 11,796"," ₹ 3,495.00 "
P656,"₹ 1,45,985"," ₹ 83,509.00 "
P658,"₹ 7,13,628"," ₹ 2,41,392.00 "
P664,"₹ 33,260"," ₹ 6,990.00 "
P666,"₹ 1,45,608"," ₹ 40,333.00 "
P675,"₹ 6,60,288"," ₹ 2,89,009.00 "
P676,"₹ 8,62,409"," ₹ 3,39,935.00 "
P701,"₹ 7,59,576"," ₹ 3,81,046.00 "
P702,"₹ 2,04,878"," ₹ 60,756.00 "
P706,"₹ 99,928"," ₹ 34,440.00 "
P721,"₹ 7,53,870"," ₹ 2,62,952.00 "
P722,"₹ 13,05,204"," ₹ 5,58,217.00 "
P727,"₹ 6,767"," ₹ 3,092.00 "
P734,"₹ 14,08,252"," ₹ 5,70,654.00 "
P735,"₹ 13,36,711"," ₹ 5,11,421.00 "
P740,"₹ 10,11,624"," ₹ 3,40,364.00 "
P747,"₹ 9,49,150"," ₹ 4,09,426.00 "
P752,"₹ 83,415"," ₹ 65,336.00 "
P757,"₹ 5,264"," ₹ 2,303.00 "
P758,"₹ 2,443", ₹ 698.00 
P759,"₹ 2,28,174"," ₹ 57,125.00 "
P771,"₹ 58,566"," ₹ 16,333.00 "
P774,"₹ 1,66,321"," ₹ 78,621.00 "
P776,"₹ 53,173"," ₹ 34,380.00 "
P778,"₹ 1,50,684"," ₹ 64,395.00 "
P779,"₹ 1,52,951"," ₹ 52,289.00 "
P784,"₹ 3,55,444"," ₹ 1,57,440.00 "
P790,"₹ 5,967"," ₹ 1,377.00 "
P805,"₹ 3,46,441"," ₹ 1,48,247.00 "
P807,"₹ 17,132"," ₹ 4,601.00 "
P808,"₹ 8,17,716"," ₹ 3,85,769.00 "
P811,"₹ 1,44,187"," ₹ 53,856.00 "
P812,"₹ 3,05,939"," ₹ 1,30,542.00 "
P820,"₹ 19,026"," ₹ 7,250.00 "
P821,"₹ 12,15,764"," ₹ 4,46,677.00 "
P822,"₹ 2,24,303"," ₹ 1,77,433.00 "
P823,"₹ 3,03,107"," ₹ 1,19,920.00 "
P824,"₹ 7,25,969"," ₹ 3,24,561.00 "
P826,"₹ 2,68,014"," ₹ 1,21,000.00 "
P828,"₹ 3,98,094"," ₹ 1,32,990.00 "
P829,"₹ 8,14,581"," ₹ 3,92,525.00 "
P831,"₹ 92,208"," ₹ 56,844.00 "
P833,"₹ 4,41,415"," ₹ 1,63,325.00 "
P834,"₹ 8,52,002"," ₹ 2,84,057.00 "
P836,"₹ 7,046"," ₹ 2,394.00 "
P839,"₹ 5,98,726"," ₹ 2,39,769.00 "
P840,"₹ 1,238", ₹ 619.00 
P842,"₹ 15,08,958"," ₹ 7,04,466.00 "
P843,"₹ 6,16,474"," ₹ 2,06,215.00 "
P844,"₹ 4,34,939"," ₹ 2,06,870.00 "
P845,"₹ 13,02,057"," ₹ 7,30,455.00 "
P846,"₹ 5,489"," ₹ 1,497.00 "
P847,"₹ 1,04,569"," ₹ 42,410.00 "
P848,"₹ 4,21,709"," ₹ 1,78,155.00 "
P851,"₹ 29,707"," ₹ 14,645.00 "
P852,"₹ 1,55,640"," ₹ 40,578.00 "
P853,"₹ 2,68,570"," ₹ 95,844.00 "
P856,"₹ 10,736"," ₹ 3,592.00 "
P857,"₹ 3,08,770"," ₹ 1,25,513.00 "
P858,"₹ 9,380"," ₹ 3,803.00 "
P859,"₹ 1,36,731"," ₹ 36,512.00 "
P860,"₹ 5,27,877"," ₹ 1,72,890.00 "
P864,"₹ 10,18,925"," ₹ 4,48,421.00 "
P865,"₹ 4,43,218"," ₹ 1,52,752.00 "
P870,"₹ 17,88,309"," ₹ 6,67,950.00 "
P871,"₹ 33,973"," ₹ 30,893.00 "
P872,"₹ 6,85,875"," ₹ 2,34,982.00 "
P876,"₹ 1,347", ₹ 878.00 
P878,"₹ 6,22,187"," ₹ 4,90,716.00 "
P879,"₹ 3,06,188"," ₹ 1,06,440.00 "
P880,₹ 489,#N/A
P882,"₹ 15,243"," ₹ 4,258.00 "
P883,"₹ 2,723"," ₹ 1,167.00 "
P884,"₹ 4,29,980"," ₹ 1,31,574.00 "
P889,"₹ 1,33,763"," ₹ 68,019.00 "
P890,"₹ 17,262"," ₹ 6,867.00 "
P891,"₹ 1,07,626"," ₹ 39,373.00 "
P892,"₹ 4,08,336"," ₹ 1,43,415.00 "
P894,"₹ 50,086"," ₹ 13,317.00 "
P896,"₹ 22,65,864"," ₹ 7,69,813.00 "
P897,"₹ 4,00,914"," ₹ 2,08,307.00 "
P899,"₹ 1,60,221"," ₹ 35,093.00 "
P900,"₹ 3,625"," ₹ 1,450.00 "
P901,"₹ 29,029"," ₹ 7,055.00 "
P902,"₹ 16,398"," ₹ 3,843.00 "
P904,"₹ 70,568"," ₹ 15,140.00 "
P905,"₹ 1,57,932"," ₹ 70,803.00 "
P906,"₹ 9,564"," ₹ 2,295.00 "
P907,"₹ 42,339"," ₹ 12,257.00 "
P908,"₹ 87,275"," ₹ 20,962.00 "
P910,"₹ 65,615"," ₹ 20,971.00 "
P911,"₹ 5,57,798"," ₹ 2,64,837.00 "
P912,"₹ 79,638"," ₹ 21,282.00 "
P913,"₹ 2,60,837"," ₹ 1,15,523.00 "
P919,"₹ 6,10,950"," ₹ 3,78,499.00 "
P920,"₹ 2,11,942"," ₹ 1,05,596.00 "
P922,"₹ 17,991"," ₹ 5,190.00 "
P923,"₹ 3,25,707"," ₹ 89,412.00 "
P925,"₹ 5,71,664"," ₹ 1,72,652.00 "
P926,"₹ 5,94,292"," ₹ 3,82,661.00 "
P927,"₹ 4,41,550"," ₹ 1,50,880.00 "
P928,"₹ 4,59,035"," ₹ 1,97,593.00 "
P929,"₹ 6,50,867"," ₹ 2,06,141.00 "
P930,"₹ 4,73,502"," ₹ 1,80,066.00 "
P931,"₹ 6,23,370"," ₹ 2,74,870.00 "
P932,"₹ 9,89,543"," ₹ 3,88,199.00 "
P933,"₹ 2,67,135"," ₹ 2,26,402.00 "
P934,"₹ 1,15,196"," ₹ 96,225.00 "
P935,"₹ 6,24,732"," ₹ 5,33,846.00 "
P936,"₹ 7,06,319"," ₹ 3,79,649.00 "
P937,"₹ 2,10,899"," ₹ 57,241.00 "
P938,"₹ 1,49,691"," ₹ 46,073.00 "
P939,"₹ 6,16,259"," ₹ 4,39,293.00 "
P940,"₹ 3,44,251"," ₹ 1,22,674.00 "
P945,"₹ 2,43,324"," ₹ 2,15,413.00 "
P946,"₹ 5,17,415"," ₹ 2,06,390.00 "
P949,"₹ 3,62,914"," ₹ 2,18,944.00 "
P950,"₹ 94,636"," ₹ 94,636.00 "
P951,"₹ 4,71,702"," ₹ 4,48,305.00 "
P954,"₹ 2,40,673"," ₹ 1,94,154.00 "
P962,"₹ 2,87,102"," ₹ 1,15,256.00 "
P963,"₹ 1,48,559"," ₹ 1,47,781.00 "
P965,"₹ 45,594"," ₹ 42,360.00 "
P966,"₹ 4,20,304"," ₹ 2,90,980.00 "
P987,"₹ 3,03,999"," ₹ 2,88,409.00 "
PL70,"₹ 50,461"," ₹ 18,434.00 "
PL78,"₹ 1,349"," ₹ 1,349.00 "
PM72,"₹ 2,098",#N/A
PM84,"₹ 18,483"," ₹ 8,295.00 "
PM85,"₹ 20,682"," ₹ 5,745.00 "
PM86,"₹ 11,84,356"," ₹ 4,99,058.00 "
PM89,"₹ 16,445"," ₹ 11,351.00 "
PM91,₹ 0, ₹ -   
PM92,"₹ 14,35,471"," ₹ 5,89,120.00 "
PM93,"₹ 54,680"," ₹ 32,262.00 "
PM94,"₹ 19,077"," ₹ 7,776.00 "
PM95,"₹ 17,848"," ₹ 2,085.00 "
PM96,"₹ 62,887"," ₹ 21,708.00 "
PM98,"₹ 11,99,317"," ₹ 5,49,371.00 "
S101,"₹ 1,53,255"," ₹ 45,832.00 "
S102,"₹ 1,61,308"," ₹ 76,729.00 "
S103,"₹ 4,54,495"," ₹ 2,19,967.00 "
