STYLE,LAST 30 DAYS, LAST 10 DAYS 
OR10,"₹ 23,19,633","₹ 7,21,124.00"
OR11,"₹ 18,94,334","₹ 6,15,789.00"
OR13,"₹ 1,89,282","₹ 65,635.00"
OR15,"₹ 8,90,680","₹ 2,93,371.00"
OR16,"₹ 3,12,110","₹ 1,79,861.00"
OR17,"₹ 8,35,594","₹ 3,55,773.00"
OR19,"₹ 11,81,540","₹ 4,72,648.00"
OR206,"₹ 8,76,312","₹ 2,74,095.00"
OR209,"₹ 1,00,668","₹ 28,629.00"
OR21,"₹ 33,795","₹ 10,340.00"
OR210,"₹ 4,97,413","₹ 1,66,176.00"
OR211,"₹ 2,45,571","₹ 97,502.00"
OR219,"₹ 32,725","₹ 7,853.00"
OR226,"₹ 13,52,816","₹ 4,20,999.00"
OR229,"₹ 33,71,121","₹ 10,85,285.00"
OR23,"₹ 1,25,127","₹ 28,521.00"
OR24,"₹ 1,37,267","₹ 41,114.00"
OR25,"₹ 10,17,429","₹ 3,46,457.00"
OR257,"₹ 2,22,906","₹ 1,48,424.00"
OR259,"₹ 63,998","₹ 35,731.00"
OR26,"₹ 5,69,902","₹ 1,88,914.00"
OR27,"₹ 77,100","₹ 23,798.00"
OR29,"₹ 3,54,879","₹ 1,63,574.00"
OR30,"₹ 5,30,580","₹ 1,55,176.00"
OR37,"₹ 3,90,424","₹ 96,490.00"
OR38,"₹ 8,94,587","₹ 2,65,349.00"
OR39,"₹ 34,12,586","₹ 8,81,535.00"
OR40,"₹ 10,18,536","₹ 3,31,763.00"
OR41,"₹ 6,04,822","₹ 1,58,710.00"
OR45,"₹ 14,498","₹ 3,954.00"
OR46,"₹ 11,09,935","₹ 3,78,193.00"
OR47,"₹ 55,281","₹ 13,617.00"
OR53,"₹ 3,43,647","₹ 1,15,455.00"
OR54,"₹ 44,773","₹ 19,355.00"
OR55,"₹ 6,84,438","₹ 2,07,917.00"
OR56,"₹ 43,358","₹ 10,774.00"
OR59,"₹ 5,96,246","₹ 1,88,231.00"
OR60,"₹ 7,99,911","₹ 3,54,802.00"
OR63,"₹ 2,43,784","₹ 67,692.00"
OR64,"₹ 68,773","₹ 29,119.00"
OR66,₹ 429,#N/A
OR67,"₹ 6,149","₹ 1,677.00"
OR69,"₹ 14,347","₹ 6,149.00"
OR71,"₹ 10,68,519","₹ 3,21,653.00"
OR74,"₹ 6,540","₹ 2,725.00"
OR76,"₹ 12,96,413","₹ 3,99,175.00"
OR81,"₹ 18,55,780","₹ 5,35,443.00"
OR83,"₹ 6,09,397","₹ 4,07,192.00"
OR84,"₹ 1,87,449","₹ 51,299.00"
OR85,"₹ 7,34,951","₹ 2,26,807.00"
OR86,"₹ 14,83,096","₹ 5,15,275.00"
OR89,"₹ 24,38,875","₹ 7,46,446.00"
OR95,"₹ 94,515","₹ 40,288.00"
OR99,"₹ 21,03,488","₹ 7,43,164.00"
P590,"₹ 9,11,521","₹ 3,08,894.00"
P608,"₹ 1,97,892","₹ 1,52,621.00"
P642,"₹ 91,281","₹ 22,702.00"
P644,"₹ 11,796","₹ 2,796.00"
P656,"₹ 1,04,655","₹ 59,239.00"
P658,"₹ 6,83,726","₹ 2,10,535.00"
P664,"₹ 36,056","₹ 11,076.00"
P666,"₹ 1,49,564","₹ 33,595.00"
P675,"₹ 5,90,581","₹ 2,32,405.00"
P676,"₹ 8,34,811","₹ 3,01,468.00"
P701,"₹ 6,18,992","₹ 3,36,793.00"
P702,"₹ 2,06,082","₹ 61,292.00"
P706,"₹ 93,168","₹ 27,484.00"
P721,"₹ 7,42,101","₹ 2,27,840.00"
P722,"₹ 11,16,275","₹ 4,86,863.00"
P727,"₹ 6,767","₹ 2,042.00"
P734,"₹ 12,27,797","₹ 5,12,601.00"
P735,"₹ 12,45,355","₹ 3,72,842.00"
P740,"₹ 9,70,785","₹ 3,30,294.00"
P747,"₹ 8,55,052","₹ 3,14,082.00"
P752,"₹ 37,252","₹ 26,219.00"
P757,"₹ 3,619",₹ 987.00
P758,"₹ 2,443",₹ 698.00
P759,"₹ 2,48,516","₹ 52,981.00"
P771,"₹ 57,634","₹ 17,220.00"
P774,"₹ 1,47,382","₹ 61,195.00"
P776,"₹ 38,355","₹ 23,811.00"
P778,"₹ 1,34,237","₹ 48,954.00"
P779,"₹ 1,45,276","₹ 50,595.00"
P784,"₹ 2,91,744","₹ 1,22,543.00"
P790,"₹ 5,508",₹ 918.00
P805,"₹ 3,05,794","₹ 1,34,510.00"
P807,"₹ 17,155","₹ 4,229.00"
P808,"₹ 6,73,724","₹ 2,82,829.00"
P811,"₹ 1,31,027","₹ 44,740.00"
P812,"₹ 2,81,576","₹ 97,912.00"
P820,"₹ 19,151","₹ 4,875.00"
P821,"₹ 11,35,916","₹ 3,88,103.00"
P822,"₹ 1,27,036","₹ 1,04,289.00"
P823,"₹ 2,53,717","₹ 79,121.00"
P824,"₹ 6,02,143","₹ 2,92,042.00"
P826,"₹ 2,33,090","₹ 1,07,731.00"
P828,"₹ 4,03,826","₹ 1,14,380.00"
P829,"₹ 6,71,820","₹ 3,42,155.00"
P831,"₹ 64,941","₹ 40,135.00"
P833,"₹ 4,05,481","₹ 1,24,454.00"
P834,"₹ 8,11,287","₹ 2,58,785.00"
P836,"₹ 6,248","₹ 2,314.00"
P839,"₹ 5,63,768","₹ 1,89,459.00"
P840,"₹ 1,238","₹ 1,238.00"
P842,"₹ 12,36,931","₹ 5,53,528.00"
P843,"₹ 5,68,622","₹ 1,96,357.00"
P844,"₹ 3,52,622","₹ 1,63,523.00"
P845,"₹ 10,16,701","₹ 6,49,902.00"
P846,"₹ 4,491","₹ 1,497.00"
P847,"₹ 95,603","₹ 34,238.00"
P848,"₹ 3,56,521","₹ 1,56,613.00"
P851,"₹ 27,231","₹ 10,851.00"
P852,"₹ 1,57,974","₹ 44,053.00"
P853,"₹ 2,63,287","₹ 84,650.00"
P856,"₹ 9,838","₹ 2,694.00"
P857,"₹ 2,69,296","₹ 1,03,826.00"
P858,"₹ 7,293","₹ 1,716.00"
P859,"₹ 1,45,810","₹ 42,093.00"
P860,"₹ 5,28,762","₹ 1,59,526.00"
P864,"₹ 8,84,215","₹ 4,21,942.00"
P865,"₹ 4,21,229","₹ 1,36,628.00"
P870,"₹ 15,50,939","₹ 5,89,895.00"
P871,"₹ 16,439","₹ 12,393.00"
P872,"₹ 6,16,629","₹ 2,15,465.00"
P876,"₹ 1,347",₹ 409.00
P878,"₹ 3,72,065","₹ 2,91,270.00"
P879,"₹ 3,07,113","₹ 91,663.00"
P880,₹ 978,#N/A
P882,"₹ 17,756","₹ 5,694.00"
P883,"₹ 2,334",₹ 778.00
P884,"₹ 4,23,291","₹ 1,12,056.00"
P889,"₹ 1,03,478","₹ 57,849.00"
P890,"₹ 16,104","₹ 4,551.00"
P891,"₹ 1,09,508","₹ 35,816.00"
P892,"₹ 3,96,137","₹ 1,23,868.00"
P894,"₹ 58,459","₹ 12,100.00"
P896,"₹ 20,92,178","₹ 6,51,561.00"
P897,"₹ 3,18,942","₹ 1,64,382.00"
P899,"₹ 1,64,209","₹ 36,238.00"
P900,"₹ 4,350","₹ 2,175.00"
P901,"₹ 31,375","₹ 10,968.00"
P902,"₹ 17,935","₹ 2,745.00"
P904,"₹ 81,011","₹ 15,776.00"
P905,"₹ 1,27,105","₹ 59,076.00"
P906,"₹ 11,011","₹ 1,796.00"
P907,"₹ 44,054","₹ 8,982.00"
P908,"₹ 89,810","₹ 18,384.00"
P910,"₹ 63,682","₹ 21,541.00"
P911,"₹ 4,77,191","₹ 1,95,797.00"
P912,"₹ 77,717","₹ 21,856.00"
P913,"₹ 2,35,846","₹ 92,958.00"
P919,"₹ 4,04,205","₹ 1,74,810.00"
P920,"₹ 1,60,354","₹ 67,463.00"
P922,"₹ 16,953","₹ 2,076.00"
P923,"₹ 3,24,738","₹ 79,046.00"
P925,"₹ 5,79,991","₹ 1,71,324.00"
P926,"₹ 3,99,209","₹ 2,66,268.00"
P927,"₹ 4,20,431","₹ 1,36,784.00"
P928,"₹ 4,05,811","₹ 1,56,828.00"
P929,"₹ 6,44,647","₹ 2,07,386.00"
P930,"₹ 4,44,762","₹ 1,57,190.00"
P931,"₹ 5,52,021","₹ 2,21,227.00"
P932,"₹ 9,05,945","₹ 3,70,792.00"
P933,"₹ 1,44,210","₹ 1,30,136.00"
P934,"₹ 69,077","₹ 61,209.00"
P935,"₹ 3,48,130","₹ 3,30,496.00"
P936,"₹ 5,26,299","₹ 2,03,496.00"
P937,"₹ 2,22,324","₹ 56,104.00"
P938,"₹ 1,49,958","₹ 54,454.00"
P939,"₹ 4,03,811","₹ 3,32,097.00"
P940,"₹ 3,25,374","₹ 1,00,294.00"
P945,"₹ 1,31,505","₹ 1,28,004.00"
P946,"₹ 4,53,090","₹ 1,71,724.00"
P949,"₹ 2,64,105","₹ 1,86,463.00"
P950,"₹ 28,162","₹ 28,162.00"
P951,"₹ 2,16,018","₹ 2,10,747.00"
P954,"₹ 1,22,453","₹ 1,08,527.00"
P962,"₹ 2,54,298","₹ 90,552.00"
P963,"₹ 50,794","₹ 50,794.00"
P965,"₹ 13,328","₹ 12,789.00"
P966,"₹ 2,70,046","₹ 1,84,277.00"
P987,"₹ 1,24,626","₹ 1,23,039.00"
PL70,"₹ 47,318","₹ 10,194.00"
PL78,"₹ 1,349","₹ 1,349.00"
PM72,"₹ 2,098",#N/A
PM84,"₹ 16,037","₹ 7,547.00"
PM85,"₹ 17,235","₹ 5,745.00"
PM86,"₹ 10,74,317","₹ 3,97,919.00"
PM89,"₹ 12,758","₹ 8,962.00"
PM91,949 -₹, 949 -₹ 
PM92,"₹ 12,95,015","₹ 4,67,747.00"
PM93,"₹ 40,242","₹ 20,623.00"
PM94,"₹ 16,635","₹ 5,217.00"
PM9495,₹ 889,#N/A
PM95,"₹ 19,298","₹ 1,991.00"
PM96,"₹ 57,498","₹ 30,191.00"
PM98,"₹ 10,23,756","₹ 5,00,508.00"
S101,"₹ 1,70,721","₹ 43,927.00"
S102,"₹ 1,35,545","₹ 72,890.00"
S103,"₹ 3,39,610","₹ 1,65,584.00"
